[
  {
    "id": 1,
    "numero": "Table 1",
    "capacite": 4,
    "emplacement": "Intérieur",
    "statut": "Disponible"
  },
  {
    "id": 2,
    "numero": "Table 2",
    "capacite": 2,
    "emplacement": "Terrasse",
    "statut": "Occupée"
  },
  {
    "id": 3,
    "numero": "Table 3",
    "capacite": 6,
    "emplacement": "VIP",
    "statut": "Réservée"
  },
    {
    "id": 4,
    "numero": "Table 4",
    "capacite": 5,
    "emplacement": "Intérieur",
    "statut": "Disponible"
  },  {
    "id": 5,
    "numero": "Table 5",
    "capacite": 3,
    "emplacement": "Intérieur",
    "statut": "Disponible"
  }

]
